{
    "products" : [
        {
          "id": 1,
          "name": "One Plus 12R",
          "price": 40000,
          "image": "/assets/One Plus 12R.jpg",
          "description": "Lorem ipsum dolor sit amet consectetur adipisicing elit. Corporis rerum aliquam perspiciatis maxime maiores cum, obcaecati atque quae? Nam, architecto facilis! Numquam, quas voluptatibus. Doloremque nemo sunt voluptatibus distinctio?"
        },
        {
          "id": 2,
          "name": "Apple iPhone 15",
          "price": 90000,
          "image": "/assets/Apple iPhone 15.jpg",
          "description": "Lorem ipsum dolor sit amet consectetur adipisicing elit. Corporis rerum aliquam perspiciatis maxime maiores cum, obcaecati atque quae? Nam, architecto facilis! Numquam, quas voluptatibus. Doloremque nemo sunt voluptatibus distinctio?"
        },
        {
          "id": 3,
          "name": "Realme 12 Pro",
          "price": 24000,
          "image": "/assets/Realme 12 Pro.jpg",
          "description": "Lorem ipsum dolor sit amet consectetur adipisicing elit. Corporis rerum aliquam perspiciatis maxime maiores cum, obcaecati atque quae? Nam, architecto facilis! Numquam, quas voluptatibus. Doloremque nemo sunt voluptatibus distinctio?"
        },
        {
          "id": 4,
          "name": "Samsung Galaxy S24",
          "price": 100000,
          "image": "/assets/Samsung Galaxy S24.jpg",
          "description": "Lorem ipsum dolor sit amet consectetur adipisicing elit. Corporis rerum aliquam perspiciatis maxime maiores cum, obcaecati atque quae? Nam, architecto facilis! Numquam, quas voluptatibus. Doloremque nemo sunt voluptatibus distinctio?"
        },
        {
          "id": 5,
          "name": "Apple iPhone 13",
          "price": 55000,
          "image": "/assets/Apple iPhone 13.jpg",
          "description": "Lorem ipsum dolor sit amet consectetur adipisicing elit. Corporis rerum aliquam perspiciatis maxime maiores cum, obcaecati atque quae? Nam, architecto facilis! Numquam, quas voluptatibus. Doloremque nemo sunt voluptatibus distinctio?"
        },
        {
          "id": 6,
          "name": "One Plus 11",
          "price": 16000,
          "image": "/assets/One Plus 11.jpg"
        }
      ]
}